{
  "baseline_majority": {
    "accuracy": 0.5357142857142857,
    "auc": 0.5,
    "log_loss": 0.0
  },
  "logistic_regression": {
    "accuracy": 0.6798941798941799,
    "auc": 0.7251028806584362,
    "log_loss": 0.0
  },
  "random_forest": {
    "accuracy": 0.6693121693121693,
    "auc": 0.7239492103689634,
    "log_loss": 0.0
  },
  "catboost": {
    "accuracy": 0.6507936507936508,
    "auc": 0.7109211775878442,
    "log_loss": 0.6490783488916003
  },
  "catboost_calibrated": {
    "accuracy": 0.6626984126984127,
    "auc": 0.7109211775878442,
    "log_loss": 0.6207189713042083
  }
}